<?xml version="1.0" encoding="utf-8"?>
<!-- TODO: Make sure to set the Package attributes -->
<Package xmlns="urn:Microsoft.WindowsPhone/PackageSchema.v8.00"
  Owner="$(OEMNAME)"
  OwnerType="OEM"
  Platform="$(BSPARCH)"
  Component="RPi"
  SubComponent="bcm2836sdhc"
  ReleaseType="Production" >

  <Components>
    <Driver InfSource="$(_RELEASEDIR)bcm2836sdhc.inf">
      <Reference Source="$(_RELEASEDIR)bcm2836sdhc.sys" />
      <Files>
        <!-- For kernel mode drivers, $(DRIVER_DEST) evaluates to "drivers" by default -->
        <!-- For user mode drivers, $(DRIVER_DEST) evaluates to "drivers\umdf" by default -->
        <File Source="$(_RELEASEDIR)bcm2836sdhc.sys" DestinationDir="$(runtime.system32)\drivers" />
      </Files>
    </Driver>

  </Components>
</Package>